{
  "trans_id": "0187a9e4a96c751e9b5442479d837753",
  "routes": [
    {
      "result_code": 0,
      "result_msg": "길찾기 성공",
      "summary": {
        "origin": {
          "name": "",
          "x": 127.11120042444526,
          "y": 37.39476044712559
        },
        "destination": {
          "name": "",
          "x": 127.10428300702806,
          "y": 37.40092566993801
        },
        "waypoints": [],
        "priority": "RECOMMEND",
        "bound": {
          "min_x": 127.10380458187437,
          "min_y": 37.39367739856656,
          "max_x": 127.11267509764984,
          "max_y": 37.40091685981241
        },
        "fare": { "taxi": 4500, "toll": 0 },
        "distance": 1734,
        "duration": 288
      },
      "sections": [
        {
          "distance": 1734,
          "duration": 288,
          "bound": {
            "min_x": 127.10371917998,
            "min_y": 37.39373901012937,
            "max_x": 127.11275943405961,
            "max_y": 37.400849311369676
          },
          "roads": [
            {
              "name": "",
              "distance": 41,
              "duration": 9,
              "traffic_speed": 16.0,
              "traffic_state": 0,
              "vertexes": [
                127.11227377269273, 37.39472345624831, 127.11273699016535,
                37.39470891137642
              ]
            },
            {
              "name": "분당내곡로",
              "distance": 106,
              "duration": 11,
              "traffic_speed": 33.0,
              "traffic_state": 3,
              "vertexes": [
                127.11273699016535, 37.39470891137642, 127.11275709768398,
                37.39396116882797, 127.11275858447112, 37.39383502927663,
                127.11275943405961, 37.39376294953177
              ]
            },
            {
              "name": "판교역로146번길",
              "distance": 273,
              "duration": 51,
              "traffic_speed": 25.0,
              "traffic_state": 3,
              "vertexes": [
                127.11275943405961, 37.39376294953177, 127.11207079427531,
                37.39373975897271, 127.11151734777941, 37.393744612581074,
                127.11118975438063, 37.393751161440555, 127.11077203256717,
                37.39373901012937, 127.11044443916988, 37.39374555692336,
                127.10966524621578, 37.3937396926337
              ]
            },
            {
              "name": "판교역로",
              "distance": 677,
              "duration": 96,
              "traffic_speed": 39.0,
              "traffic_state": 3,
              "vertexes": [
                127.10966524621578, 37.3937396926337, 127.10966886589998,
                37.394388494790945, 127.10966790676201, 37.394469584427156,
                127.10967141980313, 37.39512739646385, 127.10968100356395,
                37.396226781360426, 127.10967417816033, 37.39775855885587,
                127.10968323318781, 37.39794785293074, 127.10967534594126,
                37.39861458950405, 127.10967214334856, 37.399840028043634
              ]
            },
            {
              "name": "대왕판교로644번길",
              "distance": 525,
              "duration": 97,
              "traffic_speed": 21.0,
              "traffic_state": 3,
              "vertexes": [
                127.10967214334856, 37.399840028043634, 127.10841845117015,
                37.39983959213, 127.10695018169719, 37.399837522456295,
                127.10663385518217, 37.399844143634525, 127.10636270285481,
                37.39985110539072, 127.10603508270643, 37.39985763961087,
                127.10557204692672, 37.399854137903276, 127.10374249170327,
                37.39984028415526
              ]
            },
            {
              "name": "",
              "distance": 112,
              "duration": 24,
              "traffic_speed": 42.0,
              "traffic_state": 0,
              "vertexes": [
                127.10374249170327, 37.39984028415526, 127.10371917998,
                37.400849311369676
              ]
            }
          ],
          "guides": [
            {
              "name": "출발지",
              "x": 127.11227377269273,
              "y": 37.39472345624831,
              "distance": 0,
              "duration": 0,
              "type": 100,
              "guidance": "출발지",
              "road_index": 0
            },
            {
              "name": "",
              "x": 127.11273699016535,
              "y": 37.39470891137642,
              "distance": 41,
              "duration": 9,
              "type": 2,
              "guidance": "우회전",
              "road_index": 1
            },
            {
              "name": "",
              "x": 127.11275943405961,
              "y": 37.39376294953177,
              "distance": 106,
              "duration": 11,
              "type": 2,
              "guidance": "판교(판교테크노밸리)역 화랑공원 방면으로 우회전",
              "road_index": 2
            },
            {
              "name": "환승주차장삼거리",
              "x": 127.10966524621578,
              "y": 37.3937396926337,
              "distance": 273,
              "duration": 51,
              "type": 2,
              "guidance": "봇들공원 판교테크노밸리 방면으로 우회전",
              "road_index": 3
            },
            {
              "name": "",
              "x": 127.10967214334856,
              "y": 37.399840028043634,
              "distance": 677,
              "duration": 96,
              "type": 1,
              "guidance": "판교IC 방면으로 좌회전",
              "road_index": 4
            },
            {
              "name": "",
              "x": 127.10374249170327,
              "y": 37.39984028415526,
              "distance": 525,
              "duration": 97,
              "type": 2,
              "guidance": "우회전",
              "road_index": 5
            },
            {
              "name": "목적지",
              "x": 127.10371917998,
              "y": 37.400849311369676,
              "distance": 112,
              "duration": 24,
              "type": 101,
              "guidance": "목적지",
              "road_index": -1
            }
          ]
        }
      ]
    }
  ]
}
